<?xml version="1.0" encoding="UTF-8"?>
<configurationDescriptor version="65">
  <logicalFolder name="root" displayName="root" projectFiles="true">
    <logicalFolder name="HeaderFiles"
                   displayName="Header Files"
                   projectFiles="true">
    </logicalFolder>
    <logicalFolder name="LinkerScript"
                   displayName="Linker Files"
                   projectFiles="true">
    </logicalFolder>
    <logicalFolder name="SourceFiles"
                   displayName="Source Files"
                   projectFiles="true">
      <itemPath>C:/Users/evand/Desktop/FechaduraEletronica/Projeto Final - Evandro e Morelo/Projeto_Final-Evandro_Morelo.X/main.asm</itemPath>
    </logicalFolder>
    <logicalFolder name="ExternalFiles"
                   displayName="Important Files"
                   projectFiles="false">
      <itemPath>Makefile</itemPath>
      <itemPath>C:/Users/evand/Desktop/FechaduraEletronica/Projeto Final - Evandro e Morelo/Projeto_Final-Evandro_Morelo.X/macros.inc</itemPath>
      <itemPath>C:/Users/evand/Desktop/FechaduraEletronica/Projeto Final - Evandro e Morelo/Projeto_Final-Evandro_Morelo.X/up_md_lcd_driver_PIC16F.asm</itemPath>
      <itemPath>C:/Users/evand/Desktop/FechaduraEletronica/Projeto Final - Evandro e Morelo/Projeto_Final-Evandro_Morelo.X/up_mensagens_PIC16F.asm</itemPath>
      <itemPath>C:/Users/evand/Desktop/FechaduraEletronica/Projeto Final - Evandro e Morelo/Projeto_Final-Evandro_Morelo.X/up_md_teclado_4x4.asm</itemPath>
      <itemPath>C:/Users/evand/Desktop/FechaduraEletronica/Projeto Final - Evandro e Morelo/Projeto_Final-Evandro_Morelo.X/up_md_atrasos.asm</itemPath>
      <itemPath>C:/Users/evand/Desktop/FechaduraEletronica/Projeto Final - Evandro e Morelo/Projeto_Final-Evandro_Morelo.X/verify_password.asm</itemPath>
      <itemPath>C:/Users/evand/Desktop/FechaduraEletronica/Projeto Final - Evandro e Morelo/Projeto_Final-Evandro_Morelo.X/user.asm</itemPath>
    </logicalFolder>
  </logicalFolder>
  <sourceRootList>
    <Elem>C:\Users\evand\Desktop\FechaduraEletronica\Projeto Final - Evandro e Morelo\Projeto_Final-Evandro_Morelo.X</Elem>
  </sourceRootList>
  <projectmakefile>Makefile</projectmakefile>
  <confs>
    <conf name="default" type="2">
      <toolsSet>
        <developmentServer>localhost</developmentServer>
        <targetDevice>PIC16F877A</targetDevice>
        <targetHeader></targetHeader>
        <targetPluginBoard></targetPluginBoard>
        <platformTool>VSMViewerPlatformTool</platformTool>
        <languageToolchain>MPASMWIN</languageToolchain>
        <languageToolchainVersion>5.87</languageToolchainVersion>
        <platform>3</platform>
      </toolsSet>
      <packs>
        <pack name="PIC16Fxxx_DFP" vendor="Microchip" version="1.2.33"/>
      </packs>
      <compileType>
        <linkerTool>
          <linkerLibItems>
          </linkerLibItems>
        </linkerTool>
        <archiverTool>
        </archiverTool>
        <loading>
          <useAlternateLoadableFile>false</useAlternateLoadableFile>
          <parseOnProdLoad>false</parseOnProdLoad>
          <alternateLoadableFile></alternateLoadableFile>
        </loading>
        <subordinates>
        </subordinates>
      </compileType>
      <makeCustomizationType>
        <makeCustomizationPreStepEnabled>false</makeCustomizationPreStepEnabled>
        <makeCustomizationPreStep></makeCustomizationPreStep>
        <makeCustomizationPostStepEnabled>false</makeCustomizationPostStepEnabled>
        <makeCustomizationPostStep></makeCustomizationPostStep>
        <makeCustomizationPutChecksumInUserID>false</makeCustomizationPutChecksumInUserID>
        <makeCustomizationEnableLongLines>false</makeCustomizationEnableLongLines>
        <makeCustomizationNormalizeHexFile>false</makeCustomizationNormalizeHexFile>
      </makeCustomizationType>
      <MPASMWIN-AS>
        <property key="cross.reference.file" value=""/>
        <property key="default.radix" value="HEX"/>
        <property key="enable.case.sensitivity" value="true"/>
        <property key="hex.output.format" value="INHX32"/>
        <property key="preprocessor.macros" value=""/>
        <property key="warning.level" value="0"/>
      </MPASMWIN-AS>
      <MPASMWIN-LD>
        <property key="cod-file" value="false"/>
        <property key="extra-lib-directories" value=""/>
        <property key="hex-output-format" value="INHX32"/>
        <property key="map-file" value="${DISTDIR}/${PROJECTNAME}.${IMAGE_TYPE}.map"/>
      </MPASMWIN-LD>
      <VSMViewerPlatformTool>
        <property key="design.file" value="../fechadura_eletronica.pdsprj"/>
        <property key="target.ip.address" value="localhost"/>
        <property key="target.ip.port" value="8001"/>
      </VSMViewerPlatformTool>
      <mpasmsuite>
        <property key="absolute-mode" value="false"/>
        <property key="eeprom-width" value="8"/>
        <property key="extended-mode" value="false"/>
        <property key="extended-mode-mpasm" value="false"/>
        <property key="extended-mode-mplink" value="false"/>
      </mpasmsuite>
    </conf>
  </confs>
</configurationDescriptor>
