<?xml version="1.0" encoding="UTF-8"?>
<project xmlns="http://www.netbeans.org/ns/project/1">
    <type>com.microchip.mplab.nbide.embedded.makeproject</type>
    <configuration>
        <data xmlns="http://www.netbeans.org/ns/make-project/1">
            <name>Projeto_Final-Evandro_Morelo</name>
            <creation-uuid>45373797-7d86-47e6-8a32-7aa1929f247c</creation-uuid>
            <make-project-type>0</make-project-type>
            <c-extensions/>
            <cpp-extensions/>
            <header-extensions/>
            <asminc-extensions/>
            <sourceEncoding>ISO-8859-1</sourceEncoding>
            <make-dep-projects/>
            <sourceRootList>
                <sourceRootElem>C:\Users\evand\Desktop\FechaduraEletronica\Projeto Final - Evandro e Morelo\Projeto_Final-Evandro_Morelo.X</sourceRootElem>
            </sourceRootList>
            <confList>
                <confElem>
                    <name>default</name>
                    <type>2</type>
                </confElem>
            </confList>
            <formatting>
                <project-formatting-style>false</project-formatting-style>
            </formatting>
        </data>
    </configuration>
</project>
