<?xml version="1.0" encoding="UTF-8"?>
<project-private xmlns="http://www.netbeans.org/ns/project-private/1">
    <editor-bookmarks xmlns="http://www.netbeans.org/ns/editor-bookmarks/2" lastBookmarkId="0"/>
    <open-files xmlns="http://www.netbeans.org/ns/projectui-open-files/2">
        <group>
            <file>file:/C:/Users/evand/Desktop/FechaduraEletronica/Projeto%20Final%20-%20Evandro%20e%20Morelo/Projeto_Final-Evandro_Morelo.X/main.asm</file>
            <file>file:/C:/Users/evand/Desktop/FechaduraEletronica/Projeto%20Final%20-%20Evandro%20e%20Morelo/Projeto_Final-Evandro_Morelo.X/up_md_teclado_4x4.asm</file>
            <file>file:/C:/Users/evand/Desktop/FechaduraEletronica/Projeto%20Final%20-%20Evandro%20e%20Morelo/Projeto_Final-Evandro_Morelo.X/up_mensagens_PIC16F.asm</file>
            <file>file:/C:/Users/evand/Desktop/FechaduraEletronica/Projeto%20Final%20-%20Evandro%20e%20Morelo/Projeto_Final-Evandro_Morelo.X/macros.inc</file>
            <file>file:/C:/Users/evand/Desktop/FechaduraEletronica/Projeto%20Final%20-%20Evandro%20e%20Morelo/Projeto_Final-Evandro_Morelo.X/up_md_atrasos.asm</file>
            <file>file:/C:/Users/evand/Desktop/FechaduraEletronica/Projeto%20Final%20-%20Evandro%20e%20Morelo/Projeto_Final-Evandro_Morelo.X/user.asm</file>
            <file>file:/C:/Users/evand/Desktop/FechaduraEletronica/Projeto%20Final%20-%20Evandro%20e%20Morelo/Projeto_Final-Evandro_Morelo.X/up_md_lcd_driver_PIC16F.asm</file>
            <file>file:/C:/Users/evand/Desktop/FechaduraEletronica/Projeto%20Final%20-%20Evandro%20e%20Morelo/Projeto_Final-Evandro_Morelo.X/verify_password.asm</file>
        </group>
    </open-files>
</project-private>
